column,optimal_bias
25,20.18892440129664
26,20.18892440129664
27,21.450732176377677
