column,optimal_bias
0,25.438044745633764
1,21.400259865374437
2,26.24560172168563
3,22.611595329452236
4,27.45693718576343
5,21.400259865374437
6,27.45693718576343
7,20.996481377348506
8,24.6304877695819
9,20.996481377348506
10,26.24560172168563
11,21.400259865374437
12,22.611595329452236
13,23.419152305504102
14,24.226709281555966
15,21.400259865374437
